順位,選手名,年齢,ポジション,チーム,年俸,年俸_円
1,山本　由伸,24,投手,オリックス,6億5000万円,650000000
2,Ｒ．オスナ,28,投手,ソフトバンク,6億5000万円,650000000
3,柳田　悠岐,34,外野手,ソフトバンク,6億2000万円,620000000
4,坂本　勇人,34,内野手,巨人,6億円,600000000
5,村上　宗隆,23,内野手,ヤクルト,6億円,600000000
6,菅野　智之,33,投手,巨人,5億円,500000000
7,浅村　栄斗,32,内野手,楽天,5億円,500000000
8,山田　哲人,30,内野手,ヤクルト,5億円,500000000
9,田中　将大,34,投手,楽天,4億7500万円,475000000
10,森　唯斗,31,投手,ソフトバンク,4億6000万円,460000000
11,丸　佳浩,33,外野手,巨人,4億5000万円,450000000
12,Ｄ．ビシエド,34,内野手,中日,3億5000万円,350000000
13,Ｆ．ガルビス,33,内野手,ソフトバンク,3億5000万円,350000000
14,青木　宣親,41,外野手,ヤクルト,3億3000万円,330000000
15,則本　昂大,32,投手,楽天,3億円,300000000
16,山﨑　康晃,30,投手,DeNA,3億円,300000000
17,増田　達至,34,投手,西武,3億円,300000000
18,中田　翔,33,内野手,巨人,3億円,300000000
19,源田　壮亮,30,内野手,西武,3億円,300000000
20,有原　航平,30,投手,ソフトバンク,3億円,300000000
21,Ｌ．モイネロ,27,投手,ソフトバンク,3億円,300000000
22,今宮　健太,31,内野手,ソフトバンク,3億円,300000000
23,菊池　涼介,33,内野手,広島,3億円,300000000
24,西　勇輝,32,投手,阪神,3億円,300000000
25,大野　雄大,34,投手,中日,3億円,300000000
26,岡本　和真,26,内野手,巨人,2億7000万円,270000000
27,山川　穂高,31,内野手,西武,2億7000万円,270000000
28,Ｄ．サンタナ,30,外野手,ヤクルト,2億6500万円,265000000
29,近藤　健介,29,外野手,ソフトバンク,2億5500万円,255000000
30,大島　洋平,37,外野手,中日,2億5000万円,250000000
31,松井　裕樹,27,投手,楽天,2億5000万円,250000000
32,岸　孝之,38,投手,楽天,2億5000万円,250000000
33,Ｎ．ソト,34,内野手,DeNA,2億5000万円,250000000
34,青柳　晃洋,29,投手,阪神,2億4000万円,240000000
35,平野　佳寿,39,投手,オリックス,2億2000万円,220000000
36,甲斐　拓也,30,捕手,ソフトバンク,2億1000万円,210000000
37,森　友哉,27,捕手,オリックス,2億1000万円,210000000
38,中村　奨吾,30,内野手,ロッテ,2億円,200000000
39,Ｇ．ポランコ,31,外野手,ロッテ,2億円,200000000
40,Ｅ．エスコバー,30,投手,DeNA,2億円,200000000
41,鈴木　大地,33,内野手,楽天,2億円,200000000
42,宮﨑　敏郎,34,内野手,DeNA,2億円,200000000
43,Ｔ．オースティン,31,外野手,DeNA,2億円,200000000
44,中村　剛也,39,内野手,西武,2億円,200000000
45,Ｙ．ロドリゲス,26,投手,中日,2億円,200000000
46,Ｒ．マルティネス,26,投手,中日,2億円,200000000
47,梶谷　隆幸,34,外野手,巨人,2億円,200000000
48,岩崎　優,31,投手,阪神,2億円,200000000
49,益田　直也,33,投手,ロッテ,2億円,200000000
50,澤村　拓一,34,投手,ロッテ,2億円,200000000
51,サイスニード,30,投手,ヤクルト,1億9000万円,190000000
52,Ｒ．マクブルーム,30,内野手,広島,1億9000万円,190000000
53,Ｋ．ケラー,29,投手,阪神,1億8200万円,182000000
54,Ｃ．ポンセ,28,投手,日本ハム,1億8000万円,180000000
55,髙橋　光成,26,投手,西武,1億8000万円,180000000
56,大瀬良　大地,31,投手,広島,1億8000万円,180000000
57,Ｗ．アストゥディーヨ,31,内野手,ソフトバンク,1億8000万円,180000000
58,Ｍ．ゴンザレス,34,内野手,オリックス,1億8000万円,180000000
59,Ｓ．ノイジー,28,外野手,阪神,1億7940万円,179400000
60,栗山　巧,39,外野手,西武,1億7900万円,179000000
61,近本　光司,28,外野手,阪神,1億7000万円,170000000
62,平良　海馬,23,投手,西武,1億7000万円,170000000
63,Ｄ．エンス,31,投手,西武,1億7000万円,170000000
64,佐野　恵太,28,外野手,DeNA,1億7000万円,170000000
65,中村　悠平,32,捕手,ヤクルト,1億7000万円,170000000
66,上沢　直之,29,投手,日本ハム,1億7000万円,170000000
67,Ｌ．ペルドモ,29,投手,ロッテ,1億6900万円,169000000
68,Ａ．アキーノ,28,外野手,中日,1億6800万円,168000000
69,和田　毅,42,投手,ソフトバンク,1億6500万円,165000000
70,梅野　隆太郎,31,捕手,阪神,1億6000万円,160000000
71,Ｔ．ビーディ,29,投手,巨人,1億6000万円,160000000
72,外崎　修汰,30,内野手,西武,1億6000万円,160000000
73,Ｊ．ガンケル,31,投手,ソフトバンク,1億6000万円,160000000
74,嘉弥真　新也,33,投手,ソフトバンク,1億6000万円,160000000
75,小川　泰弘,32,投手,ヤクルト,1億6000万円,160000000
76,Ｊ．オスナ,30,内野手,ヤクルト,1億5800万円,158000000
77,又吉　克樹,32,投手,ソフトバンク,1億5000万円,150000000
78,東浜　巨,32,投手,ソフトバンク,1億5000万円,150000000
79,武田　翔太,29,投手,ソフトバンク,1億5000万円,150000000
80,石川　柊太,31,投手,ソフトバンク,1億5000万円,150000000
81,石山　泰稚,34,投手,ヤクルト,1億5000万円,150000000
82,中村　晃,33,外野手,ソフトバンク,1億5000万円,150000000
83,石川　歩,34,投手,ロッテ,1億5000万円,150000000
84,秋山　翔吾,34,外野手,広島,1億5000万円,150000000
85,今永　昇太,29,投手,DeNA,1億4000万円,140000000
86,九里　亜蓮,31,投手,広島,1億4000万円,140000000
87,會澤　翼,34,捕手,広島,1億4000万円,140000000
88,美馬　学,36,投手,ロッテ,1億4000万円,140000000
89,加藤　貴之,30,投手,日本ハム,1億3500万円,135000000
90,Ｋ．ケラ,29,投手,ヤクルト,1億3200万円,132000000
91,大山　悠輔,28,内野手,阪神,1億3000万円,130000000
92,Ａ．アルカンタラ,31,内野手,日本ハム,1億3000万円,130000000
93,Ｌ．ブリンソン,28,外野手,巨人,1億3000万円,130000000
94,Ｊ．ワゲスパック,29,投手,オリックス,1億3000万円,130000000
95,金子　侑司,32,外野手,西武,1億2600万円,126000000
96,Ｂ．ロドリゲス,31,投手,日本ハム,1億2000万円,120000000
97,福田　秀平,34,外野手,ロッテ,1億2000万円,120000000
98,三嶋　一輝,32,投手,DeNA,1億2000万円,120000000
99,Ｒ．ガゼルマン,29,投手,DeNA,1億2000万円,120000000
100,Ｊ．Ｂ．ウェンデルケン,30,投手,DeNA,1億2000万円,120000000
101,牧　秀悟,24,内野手,DeNA,1億2000万円,120000000
102,島内　宏明,33,外野手,楽天,1億2000万円,120000000
103,桑原　将志,29,外野手,DeNA,1億2000万円,120000000
104,西川　龍馬,28,外野手,広島,1億2000万円,120000000
105,高梨　雄平,30,投手,巨人,1億1000万円,110000000
106,Ｙ．ロペス,30,投手,巨人,1億1000万円,110000000
107,伊藤　光,33,捕手,DeNA,1億1000万円,110000000
108,Ｃ．スチュワート・ジュニア,23,投手,ソフトバンク,1億1000万円,110000000
109,田嶋　大樹,26,投手,オリックス,1億1000万円,110000000
110,森下　暢仁,25,投手,広島,1億1000万円,110000000
111,Ｊ．ビーズリー,27,投手,阪神,1億960万円,109600000
112,柳　裕也,28,投手,中日,1億800万円,108000000
113,Ｎ．ターリー,33,投手,広島,1億600万円,106000000
114,祖父江　大輔,35,投手,中日,1億円,100000000
115,荻野　貴司,37,外野手,ロッテ,1億円,100000000
116,Ｍ．バニュエロス,32,投手,楽天,1億円,100000000
117,宋　家豪,30,投手,楽天,1億円,100000000
118,Ｆ．グリフィン,27,投手,巨人,1億円,100000000
119,炭谷　銀仁朗,35,捕手,楽天,1億円,100000000
120,小林　誠司,33,捕手,巨人,1億円,100000000
121,Ｍ．フランコ,30,内野手,楽天,1億円,100000000
122,Ｊ．ティノコ,27,投手,西武,1億円,100000000
123,Ｃ．ギッテンス,29,内野手,楽天,1億円,100000000
124,Ａ．ウォーカー,31,外野手,巨人,1億円,100000000
125,清水　昇,26,投手,ヤクルト,1億円,100000000
126,Ｄ．ピーターズ,30,投手,ヤクルト,1億円,100000000
127,唐川　侑己,33,投手,ロッテ,1億円,100000000
128,岩貞　祐太,31,投手,阪神,1億円,100000000
129,涌井　秀章,36,投手,中日,1億円,100000000
130,栗林　良吏,26,投手,広島,9500万円,95000000
131,坂倉　将吾,24,捕手,広島,9500万円,95000000
132,伊勢　大夢,25,投手,DeNA,9200万円,92000000
133,Ｃ．メネズ,27,投手,日本ハム,9000万円,90000000
134,戸郷　翔征,22,投手,巨人,9000万円,90000000
135,Ｄ．マキノン,28,内野手,西武,9000万円,90000000
136,Ｊ．コットン,31,投手,オリックス,9000万円,90000000
137,石川　雅規,43,投手,ヤクルト,9000万円,90000000
138,Ｆ．シュウィンデル,30,内野手,オリックス,9000万円,90000000
139,Ｌ．カスティーヨ,28,投手,ロッテ,9000万円,90000000
140,大貫　晋一,29,投手,DeNA,8800万円,88000000
141,田口　麗斗,27,投手,ヤクルト,8800万円,88000000
142,秋山　拓巳,31,投手,阪神,8800万円,88000000
143,Ｒ．エスピナル,31,投手,ヤクルト,8700万円,87000000
144,松本　剛,29,外野手,日本ハム,8600万円,86000000
145,塩見　泰隆,29,外野手,ヤクルト,8600万円,86000000
146,伊藤　大海,25,投手,日本ハム,8500万円,85000000
147,佐藤　輝明,24,内野手,阪神,8500万円,85000000
148,Ｂ．ケラー,28,投手,阪神,8160万円,81600000
149,伊藤　将司,26,投手,阪神,8000万円,80000000
150,Ａ．マルティネス,26,捕手,日本ハム,8000万円,80000000
151,糸原　健斗,30,内野手,阪神,8000万円,80000000
152,辛島　航,32,投手,楽天,8000万円,80000000
153,平井　克典,31,投手,西武,8000万円,80000000
154,大城　卓三,30,捕手,巨人,8000万円,80000000
155,大和（前田　大和）,35,内野手,DeNA,8000万円,80000000
156,Ｍ．ペイトン,31,外野手,西武,8000万円,80000000
157,宮城　大弥,21,投手,オリックス,8000万円,80000000
158,牧原　大成,30,内野手,ソフトバンク,8000万円,80000000
159,佐々木　朗希,21,投手,ロッテ,8000万円,80000000
160,宗　佑磨,26,内野手,オリックス,7800万円,78000000
161,Ｄ．アンダーソン,29,投手,広島,7700万円,77000000
162,Ｍ．デビッドソン,32,内野手,広島,7700万円,77000000
163,中川　皓太,29,投手,巨人,7500万円,75000000
164,福田　周平,30,外野手,オリックス,7500万円,75000000
165,茂木　栄五郎,29,内野手,楽天,7400万円,74000000
166,山岡　泰輔,27,投手,オリックス,7200万円,72000000
167,Ｔ－岡田（岡田　貴弘）,35,外野手,オリックス,7200万円,72000000
168,杉本　裕太郎,31,外野手,オリックス,7200万円,72000000
169,田村　龍弘,28,捕手,ロッテ,7000万円,70000000
170,中野　拓夢,26,内野手,阪神,7000万円,70000000
171,吉川　尚輝,28,内野手,巨人,7000万円,70000000
172,銀次（赤見内　銀次）,35,内野手,楽天,7000万円,70000000
173,西川　遥輝,30,外野手,楽天,7000万円,70000000
174,安達　了一,35,内野手,オリックス,7000万円,70000000
175,栗原　陵矢,26,外野手,ソフトバンク,7000万円,70000000
176,玉井　大翔,30,投手,日本ハム,6800万円,68000000
177,木下　拓哉,31,捕手,中日,6800万円,68000000
178,小島　和哉,26,投手,ロッテ,6800万円,68000000
179,高橋　周平,29,内野手,中日,6750万円,67500000
180,Ｊ．ミエセス,27,外野手,阪神,6750万円,67500000
181,Ｃ．ホーキンス,29,外野手,ソフトバンク,6600万円,66000000
182,小笠原　慎之介,25,投手,中日,6600万円,66000000
183,松本　航,26,投手,西武,6500万円,65000000
184,阿部　寿樹,33,内野手,楽天,6500万円,65000000
185,松山　竜平,37,外野手,広島,6500万円,65000000
186,鍵谷　陽平,32,投手,巨人,6300万円,63000000
187,濵口　遥大,28,投手,DeNA,6300万円,63000000
188,石田　健大,30,投手,DeNA,6200万円,62000000
189,国吉　佑樹,31,投手,ロッテ,6000万円,60000000
190,杉浦　稔大,31,投手,日本ハム,6000万円,60000000
191,山﨑　福也,30,投手,オリックス,6000万円,60000000
192,中川　圭太,26,内野手,オリックス,6000万円,60000000
193,大勢（翁田　大勢）,23,投手,巨人,5700万円,57000000
194,酒居　知史,30,投手,楽天,5600万円,56000000
195,柴田　竜拓,29,内野手,DeNA,5600万円,56000000
196,堀　瑞輝,24,投手,日本ハム,5500万円,55000000
197,角中　勝也,35,外野手,ロッテ,5500万円,55000000
198,野村　祐輔,33,投手,広島,5500万円,55000000
199,東條　大樹,31,投手,ロッテ,5500万円,55000000
200,辰己　涼介,26,外野手,楽天,5300万円,53000000
201,中﨑　翔太,30,投手,広島,5300万円,53000000
202,福　敬登,30,投手,中日,5000万円,50000000
203,松葉　貴大,32,投手,中日,5000万円,50000000
204,宮西　尚生,37,投手,日本ハム,5000万円,50000000
205,砂田　毅樹,27,投手,中日,5000万円,50000000
206,藤岡　裕大,29,内野手,ロッテ,5000万円,50000000
207,Ｊ．ガント,30,投手,日本ハム,5000万円,50000000
208,加藤　豪将,28,内野手,日本ハム,5000万円,50000000
209,小深田　大翔,27,内野手,楽天,5000万円,50000000
210,中島　宏之,40,内野手,巨人,5000万円,50000000
211,京田　陽太,28,内野手,DeNA,5000万円,50000000
212,大田　泰示,32,外野手,DeNA,5000万円,50000000
213,藤井　皓哉,26,投手,ソフトバンク,5000万円,50000000
214,床田　寛樹,28,投手,広島,5000万円,50000000
215,高橋　奎二,25,投手,ヤクルト,5000万円,50000000
216,堂林　翔太,31,内野手,広島,5000万円,50000000
217,野間　峻祥,30,外野手,広島,5000万円,50000000
218,西野　勇士,32,投手,ロッテ,5000万円,50000000
219,若月　健矢,27,捕手,オリックス,4800万円,48000000
220,湯浅　京己,23,投手,阪神,4700万円,47000000
221,今村　信貴,29,投手,巨人,4700万円,47000000
222,藤嶋　健人,24,投手,中日,4600万円,46000000
223,二木　康太,27,投手,ロッテ,4600万円,46000000
224,伏見　寅威,32,捕手,日本ハム,4500万円,45000000
225,入江　大生,24,投手,DeNA,4500万円,45000000
226,今井　達也,24,投手,西武,4500万円,45000000
227,神里　和毅,29,外野手,DeNA,4500万円,45000000
228,大関　友久,25,投手,ソフトバンク,4500万円,45000000
229,三森　大貴,24,内野手,ソフトバンク,4500万円,45000000
230,Ｃ．Ｃ．メルセデス,29,投手,ロッテ,4500万円,45000000
231,高橋　礼,27,投手,ソフトバンク,4300万円,43000000
232,高梨　裕稔,31,投手,ヤクルト,4300万円,43000000
233,安田　尚憲,23,内野手,ロッテ,4200万円,42000000
234,井上　晴哉,33,内野手,ロッテ,4200万円,42000000
235,西口　直人,26,投手,楽天,4200万円,42000000
236,岡島　豪郎,33,外野手,楽天,4200万円,42000000
237,近藤　大亮,31,投手,オリックス,4200万円,42000000
238,紅林　弘太郎,21,内野手,オリックス,4200万円,42000000
239,今野　龍太,27,投手,ヤクルト,4200万円,42000000
240,岩下　大輝,26,投手,ロッテ,4200万円,42000000
241,谷元　圭介,38,投手,中日,4200万円,42000000
242,津森　宥紀,25,投手,ソフトバンク,4100万円,41000000
243,石川　直也,26,投手,日本ハム,4000万円,40000000
244,渡邉　諒,27,内野手,阪神,4000万円,40000000
245,岡林　勇希,21,外野手,中日,4000万円,40000000
246,Ｙ．メンデス,28,投手,巨人,4000万円,40000000
247,森脇　亮介,30,投手,西武,4000万円,40000000
248,戸柱　恭孝,32,捕手,DeNA,4000万円,40000000
249,水上　由伸,24,投手,西武,4000万円,40000000
250,阿部　翔太,30,投手,オリックス,4000万円,40000000
251,松本　裕樹,26,投手,ソフトバンク,4000万円,40000000
252,森浦　大輔,24,投手,広島,4000万円,40000000
253,周東　佑京,27,内野手,ソフトバンク,4000万円,40000000
254,小園　海斗,22,内野手,広島,4000万円,40000000
255,Ｌ．セデーニョ,24,内野手,オリックス,4000万円,40000000
256,山崎　晃大朗,29,外野手,ヤクルト,4000万円,40000000
257,小野　郁,26,投手,ロッテ,4000万円,40000000
258,佐々木　千隼,28,投手,ロッテ,3850万円,38500000
259,原　樹理,29,投手,ヤクルト,3800万円,38000000
260,上林　誠知,27,外野手,ソフトバンク,3750万円,37500000
261,安樂　智大,26,投手,楽天,3700万円,37000000
262,木澤　尚文,24,投手,ヤクルト,3700万円,37000000
263,岡　大海,31,外野手,ロッテ,3600万円,36000000
264,公文　克彦,31,投手,西武,3600万円,36000000
265,楠本　泰史,27,外野手,DeNA,3600万円,36000000
266,甲斐野　央,26,投手,ソフトバンク,3600万円,36000000
267,比嘉　幹貴,40,投手,オリックス,3600万円,36000000
268,山田　修義,31,投手,オリックス,3600万円,36000000
269,髙部　瑛斗,25,外野手,ロッテ,3500万円,35000000
270,福田　永将,34,内野手,中日,3500万円,35000000
271,石井　一成,28,内野手,日本ハム,3500万円,35000000
272,田中　健二朗,33,投手,DeNA,3500万円,35000000
273,ボー・タカハシ,26,投手,西武,3500万円,35000000
274,森原　康平,31,投手,DeNA,3500万円,35000000
275,Ｔ．アンバギー,28,外野手,DeNA,3500万円,35000000
276,関根　大気,27,外野手,DeNA,3500万円,35000000
277,頓宮　裕真,26,捕手,オリックス,3500万円,35000000
278,梅野　雄吾,24,投手,ヤクルト,3500万円,35000000
279,田島　慎二,33,投手,中日,3500万円,35000000
280,髙橋　宏斗,20,投手,中日,3500万円,35000000
281,上茶谷　大河,26,投手,DeNA,3400万円,34000000
282,板東　湧梧,27,投手,ソフトバンク,3400万円,34000000
283,井口　和朋,29,投手,日本ハム,3300万円,33000000
284,野村　佑希,22,内野手,日本ハム,3300万円,33000000
285,清宮　幸太郎,23,内野手,日本ハム,3300万円,33000000
286,早川　隆久,24,投手,楽天,3300万円,33000000
287,畠　世周,28,投手,巨人,3300万円,33000000
288,平田　真吾,33,投手,DeNA,3300万円,33000000
289,太田　光,26,捕手,楽天,3300万円,33000000
290,與座　海人,27,投手,西武,3300万円,33000000
291,愛斗（武田　愛斗）,25,外野手,西武,3300万円,33000000
292,長岡　秀樹,21,内野手,ヤクルト,3300万円,33000000
293,浜地　真澄,24,投手,阪神,3200万円,32000000
294,清水　達也,23,投手,中日,3200万円,32000000
295,重信　慎之介,29,外野手,巨人,3200万円,32000000
296,一岡　竜司,32,投手,広島,3200万円,32000000
297,富山　凌雅,25,投手,オリックス,3150万円,31500000
298,佐藤　都志也,25,捕手,ロッテ,3100万円,31000000
299,原口　文仁,31,内野手,阪神,3100万円,31000000
300,松原　聖弥,28,外野手,巨人,3100万円,31000000
301,加治屋　蓮,31,投手,阪神,3000万円,30000000
302,宇佐見　真吾,29,捕手,日本ハム,3000万円,30000000
303,Ｏ．カリステ,31,内野手,中日,3000万円,30000000
304,中島　卓也,32,内野手,日本ハム,3000万円,30000000
305,谷内　亮太,32,内野手,日本ハム,3000万円,30000000
306,Ｚ．アルモンテ,33,外野手,中日,3000万円,30000000
307,島田　海吏,27,外野手,阪神,3000万円,30000000
308,本田　圭佑,29,投手,西武,3000万円,30000000
309,岡田　雅利,33,捕手,西武,3000万円,30000000
310,髙橋　優貴,26,投手,巨人,3000万円,30000000
311,黒木　優太,28,投手,オリックス,3000万円,30000000
312,田中　広輔,33,内野手,広島,3000万円,30000000
313,馬場　皐輔,27,投手,阪神,2950万円,29500000
314,清水　優心,26,捕手,日本ハム,2900万円,29000000
315,堂上　直倫,34,内野手,中日,2900万円,29000000
316,鍬原　拓也,27,投手,巨人,2900万円,29000000
317,平内　龍太,24,投手,巨人,2900万円,29000000
318,柳町　達,25,外野手,ソフトバンク,2900万円,29000000
319,上本　崇司,32,内野手,広島,2900万円,29000000
320,坂本　誠志郎,29,捕手,阪神,2800万円,28000000
321,山本　泰寛,29,内野手,阪神,2800万円,28000000
322,山口　航輝,22,外野手,ロッテ,2800万円,28000000
323,岩嵜　翔,33,投手,中日,2800万円,28000000
324,淺間　大基,26,外野手,日本ハム,2800万円,28000000
325,呉　念庭,29,内野手,西武,2800万円,28000000
326,大城　滉二,29,内野手,オリックス,2800万円,28000000
327,矢崎　拓也,28,投手,広島,2800万円,28000000
328,西　純矢,21,投手,阪神,2800万円,28000000
329,京山　将弥,24,投手,DeNA,2790万円,27900000
330,河野　竜生,24,投手,日本ハム,2700万円,27000000
331,北山　亘基,23,投手,日本ハム,2700万円,27000000
332,塩見　貴洋,34,投手,楽天,2700万円,27000000
333,泉　圭輔,26,投手,ソフトバンク,2700万円,27000000
334,嶺井　博希,31,捕手,ソフトバンク,2700万円,27000000
335,奥川　恭伸,21,投手,ヤクルト,2700万円,27000000
336,ケムナ　誠,27,投手,広島,2700万円,27000000
337,東　克樹,27,投手,DeNA,2610万円,26100000
338,瀧中　瞭太,28,投手,楽天,2600万円,26000000
339,遠藤　淳志,23,投手,広島,2600万円,26000000
340,西浦　直亨,31,内野手,ヤクルト,2600万円,26000000
341,山﨑　伊織,24,投手,巨人,2500万円,25000000
342,宮川　哲,27,投手,西武,2500万円,25000000
343,若林　晃弘,29,内野手,巨人,2500万円,25000000
344,野村　勇,26,内野手,ソフトバンク,2500万円,25000000
345,大西　広樹,25,投手,ヤクルト,2500万円,25000000
346,小田　裕也,33,外野手,オリックス,2500万円,25000000
347,川端　慎吾,35,内野手,ヤクルト,2500万円,25000000
348,髙橋　遥人,27,投手,阪神,2450万円,24500000
349,上原　健太,29,投手,日本ハム,2400万円,24000000
350,松川　虎生,19,捕手,ロッテ,2400万円,24000000
351,西野　真弘,32,内野手,オリックス,2400万円,24000000
352,塹江　敦哉,26,投手,広島,2400万円,24000000
353,立岡　宗一郎,32,外野手,巨人,2350万円,23500000
354,大江　竜聖,24,投手,巨人,2310万円,23100000
355,島本　浩也,30,投手,阪神,2300万円,23000000
356,加藤　翔平,32,外野手,中日,2300万円,23000000
357,坂本　裕哉,25,投手,DeNA,2300万円,23000000
358,増田　大輝,29,内野手,巨人,2300万円,23000000
359,山﨑　颯一郎,24,投手,オリックス,2300万円,23000000
360,島内　颯太郎,26,投手,広島,2300万円,23000000
361,佐野　皓大,26,外野手,オリックス,2300万円,23000000
362,荒木　貴裕,35,内野手,ヤクルト,2300万円,23000000
363,宮本　丈,27,内野手,ヤクルト,2300万円,23000000
364,福谷　浩司,32,投手,中日,2200万円,22000000
365,大野　奨太,36,捕手,中日,2200万円,22000000
366,藤原　恭大,22,外野手,ロッテ,2200万円,22000000
367,上川畑　大悟,26,内野手,日本ハム,2200万円,22000000
368,赤星　優志,23,投手,巨人,2200万円,22000000
369,陽川　尚将,31,内野手,西武,2200万円,22000000
370,本田　仁海,23,投手,オリックス,2200万円,22000000
371,三木　亮,31,内野手,ロッテ,2100万円,21000000
372,木浪　聖也,28,内野手,阪神,2100万円,21000000
373,髙山　俊,29,外野手,阪神,2100万円,21000000
374,後藤　駿太,30,外野手,中日,2100万円,21000000
375,髙橋　純平,25,投手,ソフトバンク,2100万円,21000000
376,竹安　大知,28,投手,オリックス,2100万円,21000000
377,笠谷　俊介,26,投手,ソフトバンク,2100万円,21000000
378,磯村　嘉孝,30,捕手,広島,2100万円,21000000
379,二保　旭,32,投手,阪神,2025万円,20250000
380,吉田　輝星,22,投手,日本ハム,2000万円,20000000
381,大竹　耕太郎,27,投手,阪神,2000万円,20000000
382,髙濱　祐仁,26,外野手,阪神,2000万円,20000000
383,今川　優馬,26,外野手,日本ハム,2000万円,20000000
384,万波　中正,22,外野手,日本ハム,2000万円,20000000
385,隅田　知一郎,23,投手,西武,2000万円,20000000
386,佐々木　健,26,投手,西武,2000万円,20000000
387,平良　拳太郎,27,投手,DeNA,2000万円,20000000
388,松田　宣浩,39,内野手,巨人,2000万円,20000000
389,森　敬斗,21,内野手,DeNA,2000万円,20000000
390,柘植　世那,25,捕手,西武,2000万円,20000000
391,田中　和基,28,外野手,楽天,2000万円,20000000
392,長野　久義,38,外野手,巨人,2000万円,20000000
393,高木　京介,33,投手,巨人,2000万円,20000000
394,Ｊ．ニックス,27,投手,オリックス,2000万円,20000000
395,山足　達也,29,内野手,オリックス,2000万円,20000000
396,Ｒ．コルニエル,27,投手,広島,2000万円,20000000
397,西田　明央,30,捕手,ヤクルト,2000万円,20000000
398,才木　浩人,24,投手,阪神,1900万円,19000000
399,勝野　昌慶,25,投手,中日,1900万円,19000000
400,西村　天裕,29,投手,日本ハム,1900万円,19000000
401,鈴木　健矢,25,投手,日本ハム,1900万円,19000000
402,加藤　匠馬,30,捕手,中日,1900万円,19000000
403,菅野　剛士,29,外野手,ロッテ,1900万円,19000000
404,木村　文紀,34,外野手,日本ハム,1900万円,19000000
405,山﨑　剛,27,内野手,楽天,1900万円,19000000
406,椎野　新,27,投手,ソフトバンク,1900万円,19000000
407,吉田　凌,25,投手,オリックス,1900万円,19000000
408,岡田　俊哉,31,投手,中日,1900万円,19000000
409,根尾　昂,22,投手,中日,1850万円,18500000
410,和田　康士朗,24,外野手,ロッテ,1800万円,18000000
411,北條　史也,28,内野手,阪神,1800万円,18000000
412,植田　海,26,内野手,阪神,1800万円,18000000
413,増田　陸,22,内野手,巨人,1800万円,18000000
414,藤田　一也,40,内野手,DeNA,1800万円,18000000
415,石川　慎吾,29,外野手,巨人,1800万円,18000000
416,戸根　千明,30,投手,広島,1800万円,18000000
417,種市　篤暉,24,投手,ロッテ,1800万円,18000000
418,熊谷　敬宥,27,内野手,阪神,1750万円,17500000
419,岡田　明丈,29,投手,広島,1750万円,17500000
420,小林　慶祐,30,投手,阪神,1700万円,17000000
421,齋藤　友貴哉,28,投手,日本ハム,1700万円,17000000
422,廣岡　大志,25,内野手,巨人,1700万円,17000000
423,北村　拓己,27,内野手,巨人,1700万円,17000000
424,村西　良太,25,投手,オリックス,1700万円,17000000
425,鈴木　康平,29,投手,オリックス,1700万円,17000000
426,宇田川　優希,24,投手,オリックス,1700万円,17000000
427,川瀬　晃,25,内野手,ソフトバンク,1700万円,17000000
428,石川　亮,27,捕手,オリックス,1700万円,17000000
429,太田　椋,22,内野手,オリックス,1700万円,17000000
430,東妻　勇輔,26,投手,ロッテ,1700万円,17000000
431,廣畑　敦也,25,投手,ロッテ,1700万円,17000000
432,仲地　礼亜,22,投手,中日,1600万円,16000000
433,立野　和明,24,投手,日本ハム,1600万円,16000000
434,渡邉　雄大,31,投手,阪神,1600万円,16000000
435,池田　隆英,28,投手,日本ハム,1600万円,16000000
436,森下　翔太,22,外野手,阪神,1600万円,16000000
437,荘司　康誠,22,投手,楽天,1600万円,16000000
438,佐藤　隼輔,23,投手,西武,1600万円,16000000
439,岸田　行倫,26,捕手,巨人,1600万円,16000000
440,田中　俊太,29,内野手,DeNA,1600万円,16000000
441,蝦名　達夫,25,外野手,DeNA,1600万円,16000000
442,蛭間　拓哉,22,外野手,西武,1600万円,16000000
443,曽谷　龍平,22,投手,オリックス,1600万円,16000000
444,杉山　一樹,25,投手,ソフトバンク,1600万円,16000000
445,薮田　和樹,30,投手,広島,1600万円,16000000
446,吉村　貢司郎,25,投手,ヤクルト,1600万円,16000000
447,松本　竜也,23,投手,広島,1600万円,16000000
448,内山　壮真,20,捕手,ヤクルト,1600万円,16000000
449,椋木　蓮,23,投手,オリックス,1600万円,16000000
450,太田　賢吾,26,内野手,ヤクルト,1600万円,16000000
451,中村　健人,25,外野手,広島,1600万円,16000000
452,菊地　吏玖,22,投手,ロッテ,1600万円,16000000
453,鈴木　昭汰,24,投手,ロッテ,1600万円,16000000
454,漆原　大晟,26,投手,オリックス,1550万円,15500000
455,及川　雅貴,21,投手,阪神,1500万円,15000000
456,柿沼　友哉,29,捕手,ロッテ,1500万円,15000000
457,石川　昂弥,21,内野手,中日,1500万円,15000000
458,溝脇　隼人,28,内野手,中日,1500万円,15000000
459,鵜飼　航丞,23,外野手,中日,1500万円,15000000
460,王　柏融,29,外野手,日本ハム,1500万円,15000000
461,湯浅　大,23,内野手,巨人,1500万円,15000000
462,古賀　悠斗,23,捕手,西武,1500万円,15000000
463,平沼　翔太,25,内野手,西武,1500万円,15000000
464,鈴木　将平,24,外野手,西武,1500万円,15000000
465,田中　豊樹,29,投手,巨人,1500万円,15000000
466,星　知弥,28,投手,ヤクルト,1500万円,15000000
467,野口　智哉,23,内野手,オリックス,1500万円,15000000
468,古賀　優大,24,捕手,ヤクルト,1500万円,15000000
469,丸山　和郁,23,外野手,ヤクルト,1500万円,15000000
470,中村　稔弥,26,投手,ロッテ,1500万円,15000000
471,矢澤　宏太,22,投手,日本ハム,1500万円,15000000
472,河村　説人,25,投手,ロッテ,1500万円,15000000
473,森　博人,24,投手,中日,1450万円,14500000
474,渡邊　佳明,26,内野手,楽天,1450万円,14500000
475,岸　潤一郎,26,外野手,西武,1450万円,14500000
476,平沢　大河,25,内野手,ロッテ,1400万円,14000000
477,小幡　竜平,22,内野手,阪神,1400万円,14000000
478,ブライト　健太,23,外野手,中日,1400万円,14000000
479,石橋　良太,31,投手,楽天,1400万円,14000000
480,川越　誠司,29,外野手,西武,1400万円,14000000
481,森　翔平,25,投手,広島,1400万円,14000000
482,山下　輝,23,投手,ヤクルト,1400万円,14000000
483,黒原　拓未,23,投手,広島,1400万円,14000000
484,佐藤　直樹,24,外野手,ソフトバンク,1400万円,14000000
485,羽月　隆太郎,22,内野手,広島,1400万円,14000000
486,坂本　光士郎,28,投手,ロッテ,1400万円,14000000
487,鈴木　博志,26,投手,中日,1350万円,13500000
488,山本　拓実,23,投手,中日,1350万円,13500000
489,龍空（土田　龍空）,20,内野手,中日,1350万円,13500000
490,小川　一平,25,投手,阪神,1300万円,13000000
491,根本　悠楓,20,投手,日本ハム,1300万円,13000000
492,古川　侑利,27,投手,ソフトバンク,1300万円,13000000
493,谷川原　健太,25,捕手,ソフトバンク,1300万円,13000000
494,海野　隆司,25,捕手,ソフトバンク,1300万円,13000000
495,大道　温貴,24,投手,広島,1300万円,13000000
496,正木　智也,23,外野手,ソフトバンク,1300万円,13000000
497,玉村　昇悟,21,投手,広島,1300万円,13000000
498,久保　拓眞,26,投手,ヤクルト,1300万円,13000000
499,大下　佑馬,30,投手,ヤクルト,1300万円,13000000
500,曽根　海成,27,内野手,広島,1300万円,13000000
501,元山　飛優,24,内野手,ヤクルト,1300万円,13000000
502,末包　昇大,26,外野手,広島,1300万円,13000000
503,大盛　穂,26,外野手,広島,1300万円,13000000
504,濱田　太貴,22,外野手,ヤクルト,1300万円,13000000
505,八木　彬,25,投手,ロッテ,1300万円,13000000
506,本前　郁也,25,投手,ロッテ,1300万円,13000000
507,中山　礼都,20,内野手,巨人,1260万円,12600000
508,石井　大智,25,投手,阪神,1250万円,12500000
509,若林　楽人,24,外野手,西武,1220万円,12200000
510,田中　正義,28,投手,日本ハム,1200万円,12000000
511,池田　来翔,23,内野手,ロッテ,1200万円,12000000
512,福田　俊,26,投手,日本ハム,1200万円,12000000
513,小川　龍成,24,内野手,ロッテ,1200万円,12000000
514,村松　開人,22,内野手,中日,1200万円,12000000
515,齋藤　綱記,26,投手,日本ハム,1200万円,12000000
516,古川　裕大,24,捕手,日本ハム,1200万円,12000000
517,山田　遥楓,26,内野手,日本ハム,1200万円,12000000
518,小孫　竜二,25,投手,楽天,1200万円,12000000
519,江越　大賀,30,外野手,日本ハム,1200万円,12000000
520,徳山　壮磨,23,投手,DeNA,1200万円,12000000
521,小園　健太,19,投手,DeNA,1200万円,12000000
522,吉野　光樹,24,投手,DeNA,1200万円,12000000
523,張　奕,29,投手,西武,1200万円,12000000
524,萩尾　匡也,22,外野手,巨人,1200万円,12000000
525,渡部　健人,24,内野手,西武,1200万円,12000000
526,浅野　翔吾,18,外野手,巨人,1200万円,12000000
527,大津　亮介,24,投手,ソフトバンク,1200万円,12000000
528,渡邉　大樹,25,外野手,オリックス,1200万円,12000000
529,奥村　展征,27,内野手,ヤクルト,1200万円,12000000
530,三好　匠,29,内野手,広島,1200万円,12000000
531,林　晃汰,22,内野手,広島,1200万円,12000000
532,宇草　孔基,25,外野手,広島,1200万円,12000000
533,森木　大智,19,投手,阪神,1200万円,12000000
534,高野　脩汰,24,投手,ロッテ,1150万円,11500000
535,鈴木　勇斗,23,投手,阪神,1100万円,11000000
536,金村　尚真,22,投手,日本ハム,1100万円,11000000
537,桐敷　拓馬,23,投手,阪神,1100万円,11000000
538,茶谷　健太,25,内野手,ロッテ,1100万円,11000000
539,山田　龍聖,22,投手,巨人,1100万円,11000000
540,安田　悠馬,23,捕手,楽天,1100万円,11000000
541,松尾　汐恩,18,捕手,DeNA,1100万円,11000000
542,香月　一也,26,内野手,巨人,1100万円,11000000
543,佐藤　龍世,26,内野手,西武,1100万円,11000000
544,益田　武尚,24,投手,広島,1100万円,11000000
545,吉田　大喜,25,投手,ヤクルト,1100万円,11000000
546,柴田　大地,25,投手,ヤクルト,1100万円,11000000
547,小澤　怜史,25,投手,ヤクルト,1100万円,11000000
548,中村　祐太,27,投手,広島,1100万円,11000000
549,矢野　雅哉,24,内野手,広島,1100万円,11000000
550,橋本　侑樹,25,投手,中日,1100万円,11000000
551,風間　球打,19,投手,ソフトバンク,1080万円,10800000
552,山野辺　翔,28,内野手,西武,1070万円,10700000
553,髙松　渡,23,内野手,中日,1060万円,10600000
554,江村　直也,30,捕手,ロッテ,1050万円,10500000
555,五十幡　亮汰,24,外野手,日本ハム,1050万円,10500000
556,藤井　聖,26,投手,楽天,1050万円,10500000
557,鈴木　翔天,26,投手,楽天,1050万円,10500000
558,横尾　俊建,29,内野手,楽天,1050万円,10500000
559,櫻井　周斗,23,投手,DeNA,1040万円,10400000
560,山本　祐大,24,捕手,DeNA,1030万円,10300000
561,達　孝太,19,投手,日本ハム,1000万円,10000000
562,友杉　篤輝,22,内野手,ロッテ,1000万円,10000000
563,長坂　拳弥,28,捕手,阪神,1000万円,10000000
564,石垣　雅海,24,内野手,中日,1000万円,10000000
565,板山　祐太郎,29,外野手,阪神,1000万円,10000000
566,高田　孝一,24,投手,楽天,1000万円,10000000
567,Ｐ．レビーラ,24,内野手,中日,1000万円,10000000
568,渡辺　翔太,22,投手,楽天,1000万円,10000000
569,弓削　隼人,28,投手,楽天,1000万円,10000000
570,Ｇ．ガルシア,22,外野手,中日,1000万円,10000000
571,藤平　尚真,24,投手,楽天,1000万円,10000000
572,田中　千晴,22,投手,巨人,1000万円,10000000
573,宮森　智志,24,投手,楽天,1000万円,10000000
574,浜屋　将太,24,投手,西武,1000万円,10000000
575,青山　美夏人,22,投手,西武,1000万円,10000000
576,田村　伊知郎,28,投手,西武,1000万円,10000000
577,村林　一輝,25,内野手,楽天,1000万円,10000000
578,児玉　亮涼,24,内野手,西武,1000万円,10000000
579,Ｅ．ルシアーノ,23,投手,巨人,1000万円,10000000
580,三上　朋也,33,投手,巨人,1000万円,10000000
581,Ｆ．アルバレス,24,投手,中日,1000万円,10000000
582,小木田　敦也,24,投手,オリックス,1000万円,10000000
583,リチャード（砂川　リチャード）,23,内野手,ソフトバンク,1000万円,10000000
584,高橋　昂也,24,投手,広島,1000万円,10000000
585,アドゥワ　誠,24,投手,広島,1000万円,10000000
586,生海（甲斐　生海）,22,外野手,ソフトバンク,1000万円,10000000
587,金久保　優斗,23,投手,ヤクルト,1000万円,10000000
588,石原　貴規,25,捕手,広島,1000万円,10000000
589,松本　直樹,29,捕手,ヤクルト,1000万円,10000000
590,Ｌ．ロドリゲス,21,投手,ソフトバンク,1000万円,10000000
591,Ｊ．オスーナ,16,外野手,ソフトバンク,1000万円,10000000
592,細川　成也,24,外野手,中日,990万円,9900000
593,Ｅ．ウレーニャ,23,内野手,楽天,990万円,9900000
594,郡司　裕也,25,捕手,中日,975万円,9750000
595,田浦　文丸,23,投手,ソフトバンク,960万円,9600000
596,石橋　康太,22,捕手,中日,950万円,9500000
597,津留﨑　大成,25,投手,楽天,950万円,9500000
598,オコエ　瑠偉,25,外野手,巨人,950万円,9500000
599,福永　奨,23,捕手,オリックス,950万円,9500000
600,野村　大樹,22,内野手,ソフトバンク,950万円,9500000
601,山本　大貴,27,投手,ヤクルト,950万円,9500000
602,梅津　晃大,26,投手,中日,950万円,9500000
603,宮國　椋丞,30,投手,DeNA,940万円,9400000
604,平良　竜哉,24,内野手,楽天,920万円,9200000
605,吉野　創士,19,外野手,楽天,920万円,9200000
606,直江　大輔,22,投手,巨人,910万円,9100000
607,林　琢真,22,内野手,DeNA,910万円,9100000
608,知野　直人,24,内野手,DeNA,910万円,9100000
609,石森　大誠,25,投手,中日,900万円,9000000
610,佐藤　奨真,24,投手,ロッテ,900万円,9000000
611,三好　大倫,25,外野手,中日,900万円,9000000
612,水野　達稀,22,内野手,日本ハム,900万円,9000000
613,阪口　皓亮,23,投手,DeNA,900万円,9000000
614,西垣　雅矢,23,投手,楽天,900万円,9000000
615,笠原　祥太郎,28,投手,DeNA,900万円,9000000
616,岡田　悠希,23,外野手,巨人,900万円,9000000
617,宜保　翔,22,内野手,オリックス,900万円,9000000
618,渡部　遼人,23,外野手,オリックス,900万円,9000000
619,杉澤　龍,22,外野手,オリックス,900万円,9000000
620,奥村　政稔,30,投手,ソフトバンク,900万円,9000000
621,並木　秀尊,24,外野手,ヤクルト,900万円,9000000
622,近藤　弘樹,27,投手,ヤクルト,900万円,9000000
623,生田目　翼,28,投手,日本ハム,900万円,9000000
624,郡　拓也,24,捕手,日本ハム,880万円,8800000
625,三浦　銀二,23,投手,DeNA,870万円,8700000
626,武藤　敦貴,21,外野手,楽天,860万円,8600000
627,増田　珠,23,内野手,ソフトバンク,860万円,8600000
628,井上　朋也,20,内野手,ソフトバンク,860万円,8600000
629,岡野　祐一郎,28,投手,中日,850万円,8500000
630,宮内　春輝,26,投手,日本ハム,850万円,8500000
631,土肥　星也,27,投手,ロッテ,850万円,8500000
632,渡邉　勇太朗,22,投手,西武,850万円,8500000
633,伊藤　裕季也,26,内野手,楽天,850万円,8500000
634,小郷　裕哉,26,外野手,楽天,850万円,8500000
635,西川　愛也,23,外野手,西武,850万円,8500000
636,渡邉　陸,22,捕手,ソフトバンク,850万円,8500000
637,松本　友,28,内野手,ヤクルト,850万円,8500000
638,澤井　廉,22,外野手,ヤクルト,850万円,8500000
639,門脇　誠,22,内野手,巨人,840万円,8400000
640,田中　貴也,30,捕手,楽天,830万円,8300000
641,小野寺　暖,25,外野手,阪神,820万円,8200000
642,伊藤　茉央,22,投手,楽天,820万円,8200000
643,上田　洸太朗,20,投手,中日,810万円,8100000
644,大下　誠一郎,25,内野手,ロッテ,800万円,8000000
645,福田　光輝,25,内野手,ロッテ,800万円,8000000
646,榮枝　裕貴,24,捕手,阪神,800万円,8000000
647,豊田　寛,25,外野手,阪神,800万円,8000000
648,林　優樹,21,投手,楽天,800万円,8000000
649,船迫　大雅,26,投手,巨人,800万円,8000000
650,大曲　錬,24,投手,西武,800万円,8000000
651,太田　龍,24,投手,巨人,800万円,8000000
652,伊藤　優輔,26,投手,巨人,800万円,8000000
653,尾形　崇斗,23,投手,ソフトバンク,800万円,8000000
654,松本　晴,22,投手,ソフトバンク,800万円,8000000
655,吉田　賢吾,22,捕手,ソフトバンク,800万円,8000000
656,東　晃平,23,投手,オリックス,800万円,8000000
657,イヒネ　イツア,18,内野手,ソフトバンク,800万円,8000000
658,長谷部　銀次,24,投手,広島,800万円,8000000
659,斉藤　優汰,18,投手,広島,800万円,8000000
660,藤井　黎來,23,投手,広島,800万円,8000000
661,来田　涼斗,20,外野手,オリックス,800万円,8000000
662,長谷川　宙輝,24,投手,ヤクルト,800万円,8000000
663,中村　奨成,23,捕手,広島,800万円,8000000
664,谷岡　竜平,27,投手,巨人,785万円,7850000
665,橋本　達弥,22,投手,DeNA,780万円,7800000
666,黒川　史陽,21,内野手,楽天,780万円,7800000
667,北浦　竜次,23,投手,日本ハム,770万円,7700000
668,梅林　優貴,25,捕手,日本ハム,770万円,7700000
669,奈良間　大己,22,内野手,日本ハム,770万円,7700000
670,中川　虎大,23,投手,DeNA,760万円,7600000
671,村上　頌樹,24,投手,阪神,750万円,7500000
672,富田　蓮,21,投手,阪神,750万円,7500000
673,内間　拓馬,24,投手,楽天,750万円,7500000
674,池谷　蒼大,23,投手,DeNA,750万円,7500000
675,川野　涼多,21,内野手,西武,750万円,7500000
676,滝澤　夏央,19,内野手,西武,750万円,7500000
677,古川　雄大,18,外野手,西武,750万円,7500000
678,高木　渉,23,外野手,西武,750万円,7500000
679,横山　楓,25,投手,オリックス,750万円,7500000
680,市川　悠太,22,投手,ヤクルト,750万円,7500000
681,北村　恵吾,22,内野手,ヤクルト,750万円,7500000
682,山野　太一,24,投手,ヤクルト,750万円,7500000
683,牧野　翔矢,22,捕手,西武,740万円,7400000
684,堀内　謙伍,25,捕手,楽天,730万円,7300000
685,戸田　懐生,22,投手,巨人,730万円,7300000
686,門別　啓人,18,投手,阪神,720万円,7200000
687,岡留　英貴,23,投手,阪神,720万円,7200000
688,田中　幹也,22,内野手,中日,720万円,7200000
689,濱　将乃介,22,内野手,中日,720万円,7200000
690,福永　裕基,26,内野手,中日,720万円,7200000
691,福元　悠真,23,外野手,中日,720万円,7200000
692,伊藤　康祐,23,外野手,中日,720万円,7200000
693,井上　広大,21,外野手,阪神,720万円,7200000
694,小沼　健太,24,投手,ロッテ,720万円,7200000
695,中森　俊介,20,投手,ロッテ,720万円,7200000
696,長谷川　威展,23,投手,日本ハム,710万円,7100000
697,田中　瑛斗,23,投手,日本ハム,700万円,7000000
698,松井　友飛,23,投手,楽天,700万円,7000000
699,吉川　雄大,26,投手,楽天,700万円,7000000
700,菊地　大稀,23,投手,巨人,700万円,7000000
701,山田　陽翔,18,投手,西武,700万円,7000000
702,正隨　優弥,26,外野手,楽天,700万円,7000000
703,山村　崇嘉,20,内野手,西武,700万円,7000000
704,ブランドン（タイシンガー　ブランドン　大河）,24,内野手,西武,700万円,7000000
705,中山　誠吾,23,内野手,西武,700万円,7000000
706,山下　舜平大,20,投手,オリックス,700万円,7000000
707,石岡　諒太,30,内野手,オリックス,700万円,7000000
708,河野　佳,21,投手,広島,700万円,7000000
709,元　謙太,20,外野手,オリックス,700万円,7000000
710,武岡　龍世,21,内野手,ヤクルト,700万円,7000000
711,渡邊　佑樹,27,投手,ソフトバンク,700万円,7000000
712,和田　恋,27,外野手,楽天,690万円,6900000
713,梶原　昂希,23,外野手,DeNA,690万円,6900000
714,杉山　晃基,25,投手,ヤクルト,680万円,6800000
715,横山　陸人,21,投手,ロッテ,670万円,6700000
716,長谷川　信哉,20,内野手,西武,670万円,6700000
717,堀岡　隼人,24,投手,巨人,670万円,6700000
718,成田　翔,25,投手,ヤクルト,670万円,6700000
719,細川　凌平,20,内野手,日本ハム,660万円,6600000
720,横川　凱,22,投手,巨人,660万円,6600000
721,堀田　賢慎,21,投手,巨人,650万円,6500000
722,井上　温大,21,投手,巨人,650万円,6500000
723,山瀬　慎之助,21,捕手,巨人,650万円,6500000
724,喜多　隆介,24,捕手,巨人,650万円,6500000
725,黒田　将矢,19,投手,西武,650万円,6500000
726,秋広　優人,20,内野手,巨人,650万円,6500000
727,野田　海人,18,捕手,西武,650万円,6500000
728,山本　一輝,24,投手,巨人,650万円,6500000
729,萩原　哲,24,捕手,巨人,650万円,6500000
730,田上　奏大,20,投手,ソフトバンク,650万円,6500000
731,九鬼　隆平,24,捕手,ソフトバンク,650万円,6500000
732,中村　亮太,24,投手,ソフトバンク,650万円,6500000
733,中川　颯,24,投手,オリックス,650万円,6500000
734,土居　豪人,22,投手,ロッテ,630万円,6300000
735,有薗　直輝,19,内野手,日本ハム,630万円,6300000
736,菊田　拡和,21,内野手,巨人,620万円,6200000
737,勝又　温史,22,外野手,DeNA,620万円,6200000
738,笹川　吉康,20,外野手,ソフトバンク,620万円,6200000
739,石田　隼都,19,投手,巨人,610万円,6100000
740,粟飯原　龍之介,19,内野手,DeNA,610万円,6100000
741,森山　暁生,18,投手,中日,600万円,6000000
742,味谷　大誠,19,捕手,中日,600万円,6000000
743,山浅　龍之介,18,捕手,中日,600万円,6000000
744,松岡　洸希,22,投手,日本ハム,600万円,6000000
745,髙寺　望夢,20,内野手,阪神,600万円,6000000
746,井坪　陽生,18,外野手,阪神,600万円,6000000
747,望月　惇志,25,投手,阪神,600万円,6000000
748,佐藤　蓮,24,投手,阪神,600万円,6000000
749,髙田　萌生,24,投手,楽天,600万円,6000000
750,羽田　慎之介,19,投手,西武,600万円,6000000
751,益子　京右,22,捕手,DeNA,600万円,6000000
752,東妻　純平,21,捕手,DeNA,600万円,6000000
753,仲三河　優太,20,外野手,西武,600万円,6000000
754,西巻　賢二,23,内野手,DeNA,600万円,6000000
755,内藤　鵬,18,内野手,オリックス,600万円,6000000
756,尾仲　祐哉,28,投手,ヤクルト,600万円,6000000
757,大竹　風雅,23,投手,ソフトバンク,600万円,6000000
758,韮澤　雄也,21,内野手,広島,600万円,6000000
759,西村　瑠伊斗,18,内野手,ヤクルト,600万円,6000000
760,内田　湘大,18,内野手,広島,600万円,6000000
761,三ツ俣　大樹,30,内野手,ヤクルト,600万円,6000000
762,赤羽　由紘,22,内野手,ヤクルト,600万円,6000000
763,久保　修,22,外野手,広島,600万円,6000000
764,田中　晴也,18,投手,ロッテ,600万円,6000000
765,福島　章太,20,投手,中日,585万円,5850000
766,齊藤　誠人,27,捕手,西武,580万円,5800000
767,田宮　裕涼,22,捕手,日本ハム,570万円,5700000
768,小深田　大地,20,内野手,DeNA,560万円,5600000
769,松本　隆之介,20,投手,DeNA,560万円,5600000
770,川原田　純平,20,内野手,ソフトバンク,560万円,5600000
771,秋山　正雲,19,投手,ロッテ,560万円,5600000
772,阪口　樂,19,内野手,日本ハム,550万円,5500000
773,加藤　翼,20,投手,中日,550万円,5500000
774,泰　勝利,19,投手,楽天,550万円,5500000
775,代木　大和,19,投手,巨人,550万円,5500000
776,入江　大樹,20,内野手,楽天,550万円,5500000
777,前田　銀治,19,外野手,楽天,550万円,5500000
778,前　佑囲斗,21,投手,オリックス,550万円,5500000
779,木村　大成,19,投手,ソフトバンク,550万円,5500000
780,牧原　巧汰,20,捕手,ソフトバンク,550万円,5500000
781,小林　樹斗,20,投手,広島,550万円,5500000
782,池田　陵真,19,外野手,オリックス,550万円,5500000
783,竹山　日向,19,投手,ヤクルト,550万円,5500000
784,持丸　泰輝,21,捕手,広島,550万円,5500000
785,畔柳　亨丞,19,投手,日本ハム,540万円,5400000
786,松浦　慶斗,19,投手,日本ハム,540万円,5400000
787,星野　真生,19,内野手,中日,540万円,5400000
788,井上　広輝,21,投手,西武,540万円,5400000
789,水谷　瞬,22,外野手,ソフトバンク,540万円,5400000
790,安西　叶翔,18,投手,日本ハム,530万円,5300000
791,石川　翔,23,投手,中日,530万円,5300000
792,伊藤　翔,24,投手,西武,530万円,5300000
793,嘉手苅　浩太,20,投手,ヤクルト,530万円,5300000
794,竹内　龍臣,21,投手,中日,525万円,5250000
795,垣越　建伸,22,投手,中日,525万円,5250000
796,小森　航大郎,19,内野手,ヤクルト,520万円,5200000
797,近藤　廉,24,投手,中日,510万円,5100000
798,森下　瑠大,18,投手,DeNA,510万円,5100000
799,髙田　琢登,20,投手,DeNA,510万円,5100000
800,金田　優太,18,内野手,ロッテ,500万円,5000000
801,藤田　健斗,21,捕手,阪神,500万円,5000000
802,西川　僚祐,20,外野手,ロッテ,500万円,5000000
803,戸井　零士,18,内野手,阪神,500万円,5000000
804,遠藤　成,21,内野手,阪神,500万円,5000000
805,前川　右京,19,外野手,阪神,500万円,5000000
806,内　星龍,20,投手,楽天,500万円,5000000
807,深沢　鳳介,19,投手,DeNA,500万円,5000000
808,石原　彪,24,捕手,楽天,500万円,5000000
809,齊藤　大将,27,投手,西武,500万円,5000000
810,齋藤　響介,18,投手,オリックス,500万円,5000000
811,大野　稼頭央,18,投手,ソフトバンク,500万円,5000000
812,坂本　拓己,18,投手,ヤクルト,500万円,5000000
813,佐野　如一,24,外野手,オリックス,500万円,5000000
814,Ａ．アルメンタ,18,投手,ソフトバンク,500万円,5000000
815,清水　叶人,18,捕手,広島,500万円,5000000
816,髙木　翔斗,19,捕手,広島,500万円,5000000
817,Ｍ．フェリックス,23,投手,ソフトバンク,500万円,5000000
818,小野　泰己,28,投手,オリックス,500万円,5000000
819,二俣　翔一,20,内野手,広島,500万円,5000000
820,田村　俊介,19,外野手,広島,500万円,5000000
821,Ｆ．ヘラルディーノ,18,内野手,ソフトバンク,500万円,5000000
822,Ｍ．シモン,18,外野手,ソフトバンク,500万円,5000000
823,古谷　拓郎,22,投手,ロッテ,480万円,4800000
824,花田　侑樹,19,投手,巨人,480万円,4800000
825,小峯　新陸,21,投手,楽天,470万円,4700000
826,赤上　優人,24,投手,西武,470万円,4700000
827,小林　珠維,21,内野手,ソフトバンク,470万円,4700000
828,森　遼大朗,23,投手,ロッテ,460万円,4600000
829,中川　勇斗,19,捕手,阪神,460万円,4600000
830,片山　雄哉,28,捕手,阪神,450万円,4500000
831,中熊　大智,26,捕手,西武,450万円,4500000
832,佐藤　智輝,22,投手,楽天,450万円,4500000
833,水上　桂,21,捕手,楽天,450万円,4500000
834,日髙　暖己,18,投手,オリックス,450万円,4500000
835,中川　拓真,20,捕手,オリックス,450万円,4500000
836,上野　響平,21,内野手,オリックス,450万円,4500000
837,行木　俊,22,投手,広島,450万円,4500000
838,岩田　将貴,24,投手,阪神,440万円,4400000
839,山本　大斗,20,外野手,ロッテ,440万円,4400000
840,澤田　圭佑,28,投手,ロッテ,440万円,4400000
841,柿木　蓮,22,投手,日本ハム,440万円,4400000
842,姫野　優也,25,投手,日本ハム,440万円,4400000
843,宮城　滝太,22,投手,DeNA,440万円,4400000
844,石川　達也,24,投手,DeNA,440万円,4400000
845,植田　将太,25,捕手,ロッテ,420万円,4200000
846,川原　陸,22,投手,阪神,420万円,4200000
847,引地　秀一郎,22,投手,楽天,420万円,4200000
848,福森　耀真,25,投手,楽天,420万円,4200000
849,山﨑　友輔,24,投手,巨人,420万円,4200000
850,保科　広一,24,外野手,巨人,420万円,4200000
851,富田　龍,23,投手,巨人,410万円,4100000
852,亀田　啓太,23,捕手,巨人,410万円,4100000
853,前田　研輝,24,捕手,巨人,410万円,4100000
854,加藤　廉,24,内野手,巨人,410万円,4100000
855,鈴木　大和,23,外野手,巨人,410万円,4100000
856,髙田　竜星,20,投手,巨人,400万円,4000000
857,松井　颯,22,投手,巨人,400万円,4000000
858,粟津　凱士,26,投手,西武,400万円,4000000
859,上間　永遠,22,投手,西武,400万円,4000000
860,Ｊ．ヘレラ,25,投手,西武,400万円,4000000
861,出井　敏博,25,投手,西武,400万円,4000000
862,是澤　涼輔,22,捕手,西武,400万円,4000000
863,Ｒ．コドラド,25,外野手,西武,400万円,4000000
864,モンテル（日隈　モンテル）,23,外野手,西武,400万円,4000000
865,ジョセフ（宮本　ジョセフ　拳）,24,外野手,西武,400万円,4000000
866,三浦　大輝,22,投手,西武,400万円,4000000
867,佐藤　宏樹,24,投手,ソフトバンク,400万円,4000000
868,中道　佑哉,24,投手,ソフトバンク,400万円,4000000
869,岡本　直也,26,投手,ソフトバンク,400万円,4000000
870,重田　倫明,26,投手,ソフトバンク,400万円,4000000
871,三浦　瑞樹,23,投手,ソフトバンク,400万円,4000000
872,佐藤　琢磨,23,投手,ソフトバンク,400万円,4000000
873,木村　光,22,投手,ソフトバンク,400万円,4000000
874,水口　創太,23,投手,ソフトバンク,400万円,4000000
875,宮﨑　颯,22,投手,ソフトバンク,400万円,4000000
876,前田　純,22,投手,ソフトバンク,400万円,4000000
877,緒方　理貢,24,内野手,ソフトバンク,400万円,4000000
878,西尾　歩真,22,内野手,ソフトバンク,400万円,4000000
879,沼田　翔平,22,投手,ヤクルト,400万円,4000000
880,川村　友斗,23,外野手,ソフトバンク,400万円,4000000
881,山本　恵大,23,外野手,ソフトバンク,400万円,4000000
882,仲田　慶介,23,外野手,ソフトバンク,400万円,4000000
883,重松　凱人,22,外野手,ソフトバンク,400万円,4000000
884,木下　幹也,20,投手,巨人,390万円,3900000
885,笠島　尚樹,20,投手,巨人,380万円,3800000
886,京本　眞,19,投手,巨人,380万円,3800000
887,阿部　剣友,20,投手,巨人,380万円,3800000
888,川嵜　陽仁,19,投手,巨人,370万円,3700000
889,スターリン,24,投手,DeNA,370万円,3700000
890,鴨打　瑛二,19,投手,巨人,370万円,3700000
891,坂本　勇人,20,捕手,巨人,370万円,3700000
892,大津　綾也,19,捕手,巨人,370万円,3700000
893,岡本　大翔,20,内野手,巨人,370万円,3700000
894,笹原　操希,19,外野手,巨人,370万円,3700000
895,奈良木　陸,24,投手,巨人,360万円,3600000
896,田村　朋輝,18,投手,巨人,360万円,3600000
897,吉村　優聖歩,18,投手,巨人,360万円,3600000
898,森本　哲星,18,投手,巨人,360万円,3600000
899,中田　歩夢,18,内野手,巨人,360万円,3600000
900,相澤　白虎,18,内野手,巨人,360万円,3600000
901,北村　流音,18,内野手,巨人,360万円,3600000
902,三塚　琉生,18,外野手,巨人,360万円,3600000
903,大城　元,18,外野手,巨人,360万円,3600000
904,桑原　秀侍,20,投手,ソフトバンク,360万円,3600000
905,大城　真乃,20,投手,ソフトバンク,360万円,3600000
906,井﨑　燦志郎,19,投手,ソフトバンク,360万円,3600000
907,村上　舜,21,投手,ソフトバンク,360万円,3600000
908,田中　怜利　ハモンド,19,投手,ソフトバンク,360万円,3600000
909,加藤　洸稀,19,投手,ソフトバンク,360万円,3600000
910,山崎　琢磨,19,投手,ソフトバンク,360万円,3600000
911,瀧本　将生,19,投手,ソフトバンク,360万円,3600000
912,赤羽　蓮,18,投手,ソフトバンク,360万円,3600000
913,内野　海斗,18,投手,ソフトバンク,360万円,3600000
914,岡植　純平,18,投手,ソフトバンク,360万円,3600000
915,佐々木　明都,18,投手,ソフトバンク,360万円,3600000
916,飛田　悠成,18,投手,ソフトバンク,360万円,3600000
917,石塚　綜一郎,21,捕手,ソフトバンク,360万円,3600000
918,居谷　匠真,20,捕手,ソフトバンク,360万円,3600000
919,加藤　晴空,19,捕手,ソフトバンク,360万円,3600000
920,盛島　稜大,18,捕手,ソフトバンク,360万円,3600000
921,藤野　恵音,19,内野手,ソフトバンク,360万円,3600000
922,伊藤　大将,21,内野手,ソフトバンク,360万円,3600000
923,勝連　大稀,21,内野手,ソフトバンク,360万円,3600000
924,佐久間　拓斗,19,内野手,ソフトバンク,360万円,3600000
925,三代　祥貴,19,内野手,ソフトバンク,360万円,3600000
926,山下　恭吾,18,内野手,ソフトバンク,360万円,3600000
927,早　真之介,20,外野手,ソフトバンク,360万円,3600000
928,舟越　秀虎,21,外野手,ソフトバンク,360万円,3600000
929,中村　宜聖,22,外野手,ソフトバンク,360万円,3600000
930,佐藤　航太,18,外野手,ソフトバンク,360万円,3600000
931,Ｄ．フェリス,23,投手,ロッテ,350万円,3500000
932,坂田　怜,23,投手,広島,350万円,3500000
933,木下　元秀,21,外野手,広島,350万円,3500000
934,草野　陽斗,18,投手,DeNA,340万円,3400000
935,加藤　大,20,投手,DeNA,340万円,3400000
936,渡辺　明貴,23,投手,DeNA,340万円,3400000
937,今野　瑠斗,18,投手,DeNA,340万円,3400000
938,東出　直也,19,捕手,DeNA,340万円,3400000
939,上甲　凌大,22,捕手,DeNA,340万円,3400000
940,蓮（鈴木　蓮）,18,内野手,DeNA,340万円,3400000
941,村川　凪,24,外野手,DeNA,340万円,3400000
942,大橋　武尊,21,外野手,DeNA,340万円,3400000
943,野村　和輝,19,内野手,西武,320万円,3200000
944,松木平　優太,20,投手,中日,315万円,3150000
945,松田　亘哲,25,投手,中日,315万円,3150000
946,速水　将大,22,内野手,ロッテ,300万円,3000000
947,松山　晋也,22,投手,中日,300万円,3000000
948,伊藤　稜,23,投手,阪神,300万円,3000000
949,野中　天翔,18,投手,中日,300万円,3000000
950,樋口　正修,24,内野手,中日,300万円,3000000
951,野口　恭佑,22,外野手,阪神,300万円,3000000
952,王　彦程,22,投手,楽天,300万円,3000000
953,新家　颯,19,投手,広島,300万円,3000000
954,中村　来生,19,投手,広島,300万円,3000000
955,鈴木　裕太,22,投手,ヤクルト,300万円,3000000
956,前川　誠太,19,内野手,広島,300万円,3000000
957,名原　典彦,22,外野手,広島,300万円,3000000
958,丸山　翔大,24,投手,ヤクルト,300万円,3000000
959,中村　貴浩,22,外野手,広島,300万円,3000000
960,下　慎之介,20,投手,ヤクルト,300万円,3000000
961,松井　聖,27,捕手,ヤクルト,300万円,3000000
962,岩田　幸宏,25,外野手,ヤクルト,300万円,3000000
963,松本　遼大,20,投手,日本ハム,290万円,2900000
964,齊藤　伸治,24,投手,日本ハム,290万円,2900000
965,古市　尊,20,捕手,西武,280万円,2800000
966,豆田　泰志,20,投手,西武,280万円,2800000
967,菅井　信也,19,投手,西武,280万円,2800000
968,橋本　星哉,22,捕手,ヤクルト,280万円,2800000
969,辻　大雅,18,投手,広島,275万円,2750000
970,福島　蓮,19,投手,日本ハム,260万円,2600000
971,柳川　大晟,19,投手,日本ハム,260万円,2600000
972,中山　晶量,24,投手,日本ハム,260万円,2600000
973,山本　晃大,23,投手,日本ハム,260万円,2600000
974,阿部　和広,19,外野手,日本ハム,260万円,2600000
975,藤田　大清,18,外野手,日本ハム,260万円,2600000
976,山口　アタル,23,外野手,日本ハム,260万円,2600000
977,清宮　虎多朗,22,投手,楽天,250万円,2500000
978,竹下　瑛広,22,投手,楽天,250万円,2500000
979,永田　颯太郎,22,内野手,楽天,250万円,2500000
980,辰見　鴻之介,22,内野手,楽天,250万円,2500000
981,柳澤　大空,19,外野手,楽天,250万円,2500000
982,Ｈ．マルセリーノ,20,投手,DeNA,250万円,2500000
983,Ｙ．ディアス,23,投手,DeNA,250万円,2500000
984,佐藤　一磨,21,投手,オリックス,250万円,2500000
985,中田　惟斗,21,投手,オリックス,250万円,2500000
986,平野　大和,21,外野手,オリックス,250万円,2500000
987,Ｊ．デラクルーズ,18,内野手,巨人,240万円,2400000
988,Ｊ．ティマ,18,外野手,巨人,240万円,2400000
989,川瀬　堅斗,20,投手,オリックス,240万円,2400000
990,辻垣　高良,20,投手,オリックス,240万円,2400000
991,西濱　勇星,20,投手,オリックス,240万円,2400000
992,才木　海翔,22,投手,オリックス,240万円,2400000
993,入山　海斗,22,投手,オリックス,240万円,2400000
994,釣　寿生,20,捕手,オリックス,240万円,2400000
995,村上　喬一朗,22,捕手,オリックス,240万円,2400000
996,園部　佳太,23,内野手,オリックス,240万円,2400000
997,大里　昂生,23,内野手,オリックス,240万円,2400000
998,山中　尭之,24,外野手,オリックス,240万円,2400000
999,茶野　篤政,23,外野手,オリックス,240万円,2400000
1000,田中　楓基,19,投手,ロッテ,230万円,2300000
1001,永島田　輝斗,19,投手,ロッテ,230万円,2300000
1002,吉川　悠斗,18,投手,ロッテ,230万円,2300000
1003,白濱　快起,18,投手,ロッテ,230万円,2300000
1004,谷川　唯人,20,捕手,ロッテ,230万円,2300000
1005,村山　亮介,19,捕手,ロッテ,230万円,2300000
1006,勝又　琉偉,18,内野手,ロッテ,230万円,2300000
1007,黒川　凱星,18,内野手,ロッテ,230万円,2300000
1008,古賀　康誠,18,投手,楽天,230万円,2300000
1009,江川　侑斗,21,捕手,楽天,230万円,2300000
1010,澤野　聖悠,21,内野手,楽天,230万円,2300000
1011,大河原　翔,19,外野手,楽天,230万円,2300000
